﻿<?xml version="1.0" encoding="utf-8"?>
<manifest identifier="_6Haio0eLIRX_course_id" version="1.0" xmlns="http://www.imsproject.org/xsd/imscp_rootv1p1p2" xmlns:adlcp="http://www.adlnet.org/xsd/adlcp_rootv1p2" xmlns:xsi="http://www.w3.org/2001/XMLSchema-instance" xsi:schemaLocation="http://www.imsproject.org/xsd/imscp_rootv1p1p2 imscp_rootv1p1p2.xsd http://www.imsglobal.org/xsd/imsmd_rootv1p2p1 imsmd_rootv1p2p1.xsd http://www.adlnet.org/xsd/adlcp_rootv1p2 adlcp_rootv1p2.xsd">
  <metadata>
    <schema>ADL SCORM</schema>
    <schemaversion>1.2</schemaversion>
    <lom xmlns="http://www.imsglobal.org/xsd/imsmd_rootv1p2p1" xmlns:xsi="http://www.w3.org/2001/XMLSchema-instance" xsi:schemaLocation="http://www.imsglobal.org/xsd/imsmd_rootv1p2p1 imsmd_rootv1p2p1.xsd">
      <general>
        <title>
          <langstring xml:lang="x-none">Print Production 8820</langstring>
        </title>
      </general>
      <lifecycle>
        <version>
          <langstring xml:lang="x-none">1</langstring>
        </version>
        <status>
          <source>
            <langstring xml:lang="x-none">LOMv1.0</langstring>
          </source>
          <value>
            <langstring xml:lang="x-none">Final</langstring>
          </value>
        </status>
      </lifecycle>
      <metametadata>
        <metadatascheme>ADL SCORM 1.2</metadatascheme>
      </metametadata>
      <educational>
        <typicallearningtime>
          <datetime>PT0H0M0S</datetime>
        </typicallearningtime>
      </educational>
      <rights>
        <cost>
          <source>
            <langstring xml:lang="x-none">LOMv1.0</langstring>
          </source>
          <value>
            <langstring xml:lang="x-none">yes</langstring>
          </value>
        </cost>
        <copyrightandotherrestrictions>
          <source>
            <langstring xml:lang="x-none">LOMv1.0</langstring>
          </source>
          <value>
            <langstring xml:lang="x-none">yes</langstring>
          </value>
        </copyrightandotherrestrictions>
      </rights>
    </lom>
  </metadata>
  <organizations default="Print_Production_8820_ORG">
    <organization identifier="Print_Production_8820_ORG">
      <title>Print Production 8820</title>
      <item identifier="Print_Production_SCO" isvisible="true" identifierref="__6Haio0eLIRX_course_id_RES">
        <title>Print Production 8820</title>
      </item>
    </organization>
  </organizations>
  <resources>
    <resource identifier="__6Haio0eLIRX_course_id_RES" type="webcontent" href="index_lms.html" adlcp:scormtype="sco">
      <file href="story_content/thumbnail.jpg" />
      <file href="mobile/6LDfa1SZ2re_80_DX1440_DY1440_CX1132_CY849.jpg" />
      <file href="mobile/6EfEhDaPozi_80_DX1440_DY1440_CX1132_CY849.png" />
      <file href="mobile/5oUG8yXYKGJ_80_DX1440_DY1440_CX1132_CY849.png" />
      <file href="mobile/5qYhtobOt7K_80_DX628_DY628_CX494_CY494.jpg" />
      <file href="mobile/6TNQn9hkqn8_80_DX182_DY182_CX91_CY90.png" />
      <file href="mobile/5ifs0nqy5IA_80_DX674_DY674_CX529_CY494.jpg" />
      <file href="mobile/5ZS5vrgFpIH_80_DX366_DY366_CX251_CY287.png" />
      <file href="mobile/5pv5kNJcjxd_80_P_0_0_1226_1086_DX424_DY424_CX314_CY278.png" />
      <file href="mobile/5bCX39pBOA5_80_DX354_DY354_CX278_CY254.png" />
      <file href="story_content/6T8Lb7Syfqa_44100_48_0.mp3" />
      <file href="mobile/6lebdkHJULV_80_DX238_DY238_CX175_CY187.png" />
      <file href="story_content/60y5DqSpwjY_44100_48_0.mp3" />
      <file href="mobile/6Geb96dnAy6_80_DX580_DY580_CX456_CY382.jpg" />
      <file href="mobile/61fzorXdSTJ_80_DX464_DY464_CX364_CY344.png" />
      <file href="story_content/video_5yqRckfnW2e_22_48_720x418.mp4" />
      <file href="mobile/poster_6UG95HptKek_video_5yqRckfnW2e_22_48_720x418.jpg" />
      <file href="story_content/6e9jeUTtsaa_44100_48_0.mp3" />
      <file href="mobile/69j8oCWM1j2_80_DX714_DY714_CX385_CY561.png" />
      <file href="mobile/5x0fQy38GY7_80_DX714_DY714_CX388_CY560.png" />
      <file href="mobile/6MInWCVw6i9_80_DX698_DY698_CX380_CY549.png" />
      <file href="story_content/6IuJEZZGXs8_44100_48_0.mp3" />
      <file href="mobile/6aFUFHOmX3O_80_DX480_DY480_CX365_CY377.png" />
      <file href="mobile/6ie1y6VVQRh_80_DX482_DY482_CX363_CY379.png" />
      <file href="mobile/5xDbnhHQl79_80_DX456_DY456_CX344_CY357.png" />
      <file href="mobile/6BYzg7OY1Ts_80_DX718_DY718_CX388_CY563.png" />
      <file href="mobile/6XNjSPlB9nx_80_P_132_263_333_509_DX716_DY716_CX230_CY352.png" />
      <file href="story_content/6YQ8FR3izcG_44100_48_0.mp3" />
      <file href="mobile/6bjmPFATgGE_80_DX484_DY484_CX374_CY380.png" />
      <file href="mobile/6GBsaS7gZFi_80_DX484_DY484_CX368_CY380.png" />
      <file href="story_content/5XKYoIjUdwN_44100_48_0.mp3" />
      <file href="mobile/5tbJHmwpSAH_80_DX738_DY738_CX580_CY415.png" />
      <file href="mobile/5UoEB4JSfqH_80_DX714_DY714_CX449_CY561.jpg" />
      <file href="mobile/6j3hf4fdFFu_80_DX1440_DY1440_CX1132_CY810.png" />
      <file href="mobile/6kKHzLgktHp_80_DX1440_DY1440_CX1133_CY814.png" />
      <file href="mobile/62mj4grlZyZ_80_DX1440_DY1440_CX1133_CY796.png" />
      <file href="mobile/6Kq22kqP9R1_80_DX1440_DY1440_CX1133_CY796.png" />
      <file href="mobile/5kCUn05eMpH_80_DX3094_DY3094_CX1132_CY794.png" />
      <file href="mobile/5kCUn05eMpH_80_P_1001_163_617_531_DX3094_DY3094_CX617_CY532.png" />
      <file href="mobile/66OZ97EXin8_80_P_1005_157_611_532_DX3148_DY3148_CX612_CY532.png" />
      <file href="mobile/5cZjCYxk5ar_80_P_0_173_89_1101_DX2008_DY2008_CX69_CY845.png" />
      <file href="mobile/5kCUn05eMpH_80_P_0_0_1049_33_DX3094_DY3094_CX1050_CY34.png" />
      <file href="mobile/6eZkikHwP2z_80_DX570_DY570_CX448_CY405.png" />
      <file href="meta.xml" />
      <file href="story_content/user.js" />
      <file href="mobile/Shape627aDabuS6v.png" />
      <file href="mobile/Shape6bGhutsnL6p.png" />
      <file href="mobile/Shape5ed28y7vl77.png" />
      <file href="mobile/Shape6N4FfdGpod7.png" />
      <file href="mobile/Shape6l3UemDUM0s.png" />
      <file href="mobile/Shape6Jy8JNAQWbY.png" />
      <file href="mobile/Shape69mTyzYDAOW.png" />
      <file href="mobile/Shape6eR33b48Z2B.png" />
      <file href="mobile/Shape63SU9frITTq.png" />
      <file href="mobile/Shape5dRhDMH2BUY.png" />
      <file href="mobile/txt__default_6lkQRNw9OhT.png" />
      <file href="mobile/Shape6Yq6uSSNFqR.png" />
      <file href="mobile/Shape5Z5lWGdWRVN.png" />
      <file href="mobile/txt__default_6CbCuTQsMsm.png" />
      <file href="mobile/txt__default_6HusDKDW2n8.png" />
      <file href="mobile/Shape6VIkk9dA5NQ.png" />
      <file href="mobile/Shape5Y8lTlF15Bs.png" />
      <file href="mobile/Shape63bGCQ9Yr63.png" />
      <file href="mobile/Shape6NCmuuRKG5V.png" />
      <file href="mobile/Shape67lTZmIhZop.png" />
      <file href="mobile/Shape69uCyX1fwkD.png" />
      <file href="mobile/Shape5hMf4ajpCeM.png" />
      <file href="mobile/Shape5t0a8waicf7.png" />
      <file href="mobile/Shape6b0cDTgsL5L.png" />
      <file href="mobile/Shape6X8hFYwbK4d.png" />
      <file href="mobile/Shape5knEWyBXgF9.png" />
      <file href="mobile/Shape695cSCaQsAC.png" />
      <file href="mobile/Shape6manVdzsGrF.png" />
      <file href="mobile/Shape5UoHpMFa6NJ.png" />
      <file href="mobile/Shape6URSbHXR7U2.png" />
      <file href="mobile/txt__default_5qpSTIah12E.png" />
      <file href="mobile/txt__default_5c92xo7KRdf.png" />
      <file href="mobile/Shape5yrbBweTt5g.png" />
      <file href="mobile/Shape6FAqDgo76D5.png" />
      <file href="html5/data/css/output.min.css" />
      <file href="html5/data/js/5cEggUsOHpU.js" />
      <file href="html5/data/js/5e5ugRMpABm.js" />
      <file href="html5/data/js/5jnxaf2sTy9.js" />
      <file href="html5/data/js/5km2yiTPp1l.js" />
      <file href="html5/data/js/5njc0Zox2Oh.js" />
      <file href="html5/data/js/5npJQbiNF0P.js" />
      <file href="html5/data/js/5ruuKNdRlWd.js" />
      <file href="html5/data/js/5VaGcXc81Sv.js" />
      <file href="html5/data/js/5vpCfndAW1k.js" />
      <file href="html5/data/js/5VUkj1O8zbl.js" />
      <file href="html5/data/js/5wwUHBotGFC.js" />
      <file href="html5/data/js/5x4Z831KdfO.js" />
      <file href="html5/data/js/5ybdf6qnFxd.js" />
      <file href="html5/data/js/5ycFDEIjR59.js" />
      <file href="html5/data/js/5YwGWj4FuQq.js" />
      <file href="html5/data/js/5zKerZdJWkz.js" />
      <file href="html5/data/js/62HiM00sfON.js" />
      <file href="html5/data/js/64EEXsFSHql.js" />
      <file href="html5/data/js/66I7dOxZ3WL.js" />
      <file href="html5/data/js/6969M7V0Iqn.js" />
      <file href="html5/data/js/6a2mGGNgobi.js" />
      <file href="html5/data/js/6aKN7n9AZkY.js" />
      <file href="html5/data/js/6BLbYSDXxLK.js" />
      <file href="html5/data/js/6CH6q8LVZzu.js" />
      <file href="html5/data/js/6CiQag7z906.js" />
      <file href="html5/data/js/6cUKMcoAqEz.js" />
      <file href="html5/data/js/6D4MoXOrOJj.js" />
      <file href="html5/data/js/6E1uPxOkRpb.js" />
      <file href="html5/data/js/6FWitEJneps.js" />
      <file href="html5/data/js/6jBtiHh8yal.js" />
      <file href="html5/data/js/6jdoK6s6Avd.js" />
      <file href="html5/data/js/6KYK9dwACz8.js" />
      <file href="html5/data/js/6MA18xaVivN.js" />
      <file href="html5/data/js/6n1zf88UG2M.js" />
      <file href="html5/data/js/6nkUCamgc8G.js" />
      <file href="html5/data/js/6OTB9xEgLDk.js" />
      <file href="html5/data/js/6q2jU0NcGdh.js" />
      <file href="html5/data/js/6QhCbVetnUj.js" />
      <file href="html5/data/js/6qisDJ9ehL1.js" />
      <file href="html5/data/js/6Rqr7Ys2lJS.js" />
      <file href="html5/data/js/6SBMOwCFWvJ.js" />
      <file href="html5/data/js/6UK69XlUH49.js" />
      <file href="html5/data/js/data.js" />
      <file href="html5/data/js/frame.js" />
      <file href="html5/data/js/paths.js" />
      <file href="html5/lib/scripts/ds-bootstrap.min.js" />
      <file href="html5/lib/scripts/ds-frame.desktop.min.js" />
      <file href="html5/lib/scripts/ds-frame.mobile.min.js" />
      <file href="html5/lib/scripts/ds-slides.min.js" />
      <file href="html5/lib/stylesheets/desktop.min.css" />
      <file href="html5/lib/stylesheets/mobile.min.css" />
      <file href="html5/lib/stylesheets/mobile-fonts/open-sans-bold.woff" />
      <file href="html5/lib/stylesheets/mobile-fonts/open-sans-light.woff" />
      <file href="html5/lib/stylesheets/mobile-fonts/open-sans-regular.woff" />
      <file href="analytics-frame.html" />
      <file href="story.html" />
      <file href="index_lms.html" />
      <file href="lms/AICCComm.html" />
      <file href="lms/blank.html" />
      <file href="lms/browsersniff.js" />
      <file href="lms/goodbye.html" />
      <file href="lms/indexAPI.html" />
      <file href="lms/scormdriver.js" />
    </resource>
  </resources>
</manifest>